<step title="Incoming Request" date="2025-08-07T14:01:34.560" instance="52038d" url="/api/publish?async=true&amp;deployer=GITHUB_ONE_DEPLOY&amp;type=zip&amp;message=%7B%22type%22%3A%22deployment%22%2C%22sha%22%3A%22ae1dc8c6ce828bcf8fedf5a0f1a2a0168fb80240%22%2C%22repoName%22%3A%22invisiblekid15%2Fursafespacewebsite%22%2C%22actor%22%3A%22invisiblekid15%22%2C%22slotName%22%3A%22Production%22%2C%22commitMessage%22%3A%22Fixed%20deployment%20issue%22%7D" method="POST" type="request" pid="827,1,39" Host="ursafespace-gucmabaybvcnezde.scm.eastus-01.azurewebsites.net" User-Agent="GITHUBACTIONS_DeployWebAppToAzure_4a378efe5e29ef3f216e5d54d7b06d0300ee6f26035f932bad32de6ced22fd7f" Authorization="Bea..." Content-Type="application/octet-stream" Cookie="ARRAffinity=52038d977ec3dcd2065ef7f8d553e9c533ad3943d69085df8fa73bfbb156598f;Path=/;HttpOnly;Secure;Domain=ursafespace-gucmabaybvcnezde.scm.eastus-01.azurewebsites.net; ARRAffinitySameSite=52038d977ec3dcd2065ef7f8d553e9c533ad3943d69085df8fa73bfbb156598f;Path=/;HttpOnly;SameSite=None;Secure;Domain=ursafespace-gucmabaybvcnezde.scm.eastus-01.azurewebsites.net" Transfer-Encoding="chunked" X-ARR-LOG-ID="7b16040a-3f0a-4c5c-95a0-343a808e4b5f" CLIENT-IP="40.79.245.17:24640" X-SITE-DEPLOYMENT-ID="ursafespace" WAS-DEFAULT-HOSTNAME="ursafespace-gucmabaybvcnezde.scm.eastus-01.azurewebsites.net" X-Forwarded-Proto="https" X-AppService-Proto="https" X-Forwarded-TlsVersion="1.3" X-WAWS-Unencoded-URL="/api/publish?async=true&amp;deployer=GITHUB_ONE_DEPLOY&amp;type=zip&amp;message=%7B%22type%22%3A%22deployment%22%2C%22sha%22%3A%22ae1dc8c6ce828bcf8fedf5a0f1a2a0168fb80240%22%2C%22repoName%22%3A%22invisiblekid15%2Fursafespacewebsite%22%2C%22actor%22%3A%22invisiblekid15%22%2C%22slotName%22%3A%22Production%22%2C%22commitMessage%22%3A%22Fixed%20deployment%20issue%22%7D" X-Client-IP="40.79.245.17" X-Client-Port="24640" >
  <step title="Cleanup Xml Logs" date="2025-08-07T14:01:34.565" /><!-- duration: 9ms -->
  <step title="OneDeploy" date="2025-08-07T14:01:34.646" >
    <step title="Starting PushDeployAsync" date="2025-08-07T14:01:34.676" /><!-- duration: 5ms -->
    <step title="Removing node_modules symlink" date="2025-08-07T14:01:34.706" >
      <step title="Writing artifact to /tmp/zipdeploy/474248f8-d0b3-450c-b877-6fc915d16043.zip" date="2025-08-07T14:01:34.824" >
        <step title="Writing multipart request body to /tmp/zipdeploy/474248f8-d0b3-450c-b877-6fc915d16043.zip" date="2025-08-07T14:01:34.829" /><!-- duration: 6ms -->
      </step><!-- duration: 6861ms -->
      <step title="Start deployment in the background" date="2025-08-07T14:01:41.716" >
        <step title="Acquiring Deployment Lock" date="2025-08-07T14:01:41.767" /><!-- duration: 6ms -->
        <step title="Acquired Deployment Lock" date="2025-08-07T14:01:41.837" /><!-- duration: 4ms -->
      </step><!-- duration: 227ms -->
    </step><!-- duration: 7251ms -->
    <step title="Outgoing response" date="2025-08-07T14:01:41.961" type="response" statusCode="202" statusText="Accepted" /><!-- duration: 4ms -->
  </step><!-- duration: 7323ms -->
