<step title="BackgroundTrace" date="2025-08-07T13:45:54.319" instance="52038d" url="/api/publish" method="POST" >
  <step title="Cleanup Xml Logs" date="2025-08-07T13:45:54.325" /><!-- duration: 8ms -->
  <step title="Creating temporary deployment - FetchDeploymentManager" date="2025-08-07T13:45:54.464" /><!-- duration: 5ms -->
  <step title="Creating temporary deployment" date="2025-08-07T13:45:54.480" /><!-- duration: 111ms -->
  <step title="Performing fetch based deployment" date="2025-08-07T13:45:54.692" >
    <step title="Cleaning up temp folders from previous zip deployments and extracting pushed zip file /tmp/zipdeploy/85e5e71d-816b-40e9-ba74-c4fe5dcb0ed4.zip (190.16 MB) to /tmp/zipdeploy/extracted" date="2025-08-07T13:45:55.950" >
      <step title="ChmodRecursive Process exited with total time taken in ms: 809" date="2025-08-07T13:46:43.467" /><!-- duration: 26ms -->
    </step><!-- duration: 47565ms -->
    <step title="Deployment timer started" date="2025-08-07T13:46:45.534" >
      <step title="DeploymentManager.Deploy(id:6292eea6-d03a-473b-b059-ba0baeb64a9c)" date="2025-08-07T13:46:45.544" >
        <step title="Collecting changeset information" date="2025-08-07T13:46:45.582" /><!-- duration: 141ms -->
        <step title="Updating submodules" date="2025-08-07T13:46:45.736" /><!-- duration: 1162ms -->
        <step title="Determining deployment builder" date="2025-08-07T13:46:47.180" >
          <step title="Builder is OneDeployBuilder" date="2025-08-07T13:46:47.222" /><!-- duration: 7ms -->
        </step><!-- duration: 62ms -->
        <step title="PreDeployment: context.CleanOutputPath False" date="2025-08-07T13:46:47.582" >
          <step title="PreDeployment: context.OutputPath /home/site/wwwroot" date="2025-08-07T13:46:47.697" >
            <step title="Building" date="2025-08-07T13:46:47.887" >
              <step title="Executing external process" date="2025-08-07T13:46:48.895" type="process" path="starter.sh" arguments="/opt/Kudu/Scripts/absoluteTar.sh /tmp/zipdeploy/extracted/node_modules /tmp/zipdeploy/extracted/node_modules.tar.gz" >
                <step title="Cpu: gzip(993,26.540s)+sh(992,0.000s)+tar(991,0.880s)+absoluteTar.sh(990,0.000s)=total(27.420s)" date="2025-08-07T13:47:49.900" /><!-- duration: 128ms -->
                <step title="starter.sh: no io activity for 61s, prev-cpu=-1.000s, current-cpu=27.420s" date="2025-08-07T13:47:50.075" /><!-- duration: 130ms -->
                <step title="Cpu: gzip(993,55.880s)+sh(992,0.000s)+tar(991,2.800s)+absoluteTar.sh(990,0.000s)=total(58.680s)" date="2025-08-07T13:48:50.631" /><!-- duration: 37ms -->
                <step title="starter.sh: no io activity for 122s, prev-cpu=27.420s, current-cpu=58.680s" date="2025-08-07T13:48:50.699" /><!-- duration: 64ms -->
              </step><!-- duration: 164616ms -->
              <step title="Executing external process" date="2025-08-07T13:49:33.879" type="process" path="starter.sh" arguments="/opt/Kudu/Scripts/parallel_rsync.sh /tmp/zipdeploy/extracted /home/site/wwwroot 8 /tmp/ False False node_modules " /><!-- duration: 11845ms -->
              <step title="Modified file to trigger a restart of the app container." date="2025-08-07T13:49:46.743" /><!-- duration: 8ms -->
              <step title="Skip function trigger and logicapp sync because function is not enabled." date="2025-08-07T13:49:46.766" /><!-- duration: 10ms -->
            </step><!-- duration: 179602ms -->
          </step><!-- duration: 179809ms -->
          <step title="Cleaning up temp files" date="2025-08-07T13:49:47.511" /><!-- duration: 12ms -->
          <step title="Cleaning up temp files" date="2025-08-07T13:49:47.533" /><!-- duration: 512ms -->
          <step title="Reloading status file with latest updates" date="2025-08-07T13:49:48.126" >
            <step title="WebHooksManager.PublishEventAsync: PostDeployment" date="2025-08-07T13:49:48.148" /><!-- duration: 171ms -->
          </step><!-- duration: 196ms -->
          <step title="Cleaning up temporary deployment - fetch deployment was successful" date="2025-08-07T13:49:48.333" /><!-- duration: 13ms -->
        </step><!-- duration: 180907ms -->
      </step><!-- duration: 183029ms -->
