﻿<?xml version="1.0" encoding="utf-8"?>
<deployment>
  <id>a279d4cf-e9d0-4a86-b9c0-ecbebdd16693</id>
  <author>N/A</author>
  <deployer>OneDeploy</deployer>
  <authorEmail>N/A</authorEmail>
  <message>OneDeploy</message>
  <progress>Running oryx build...</progress>
  <status>Building</status>
  <statusText>Building and Deploying 'a279d4cf-e9d0-4a86-b9c0-ecbebdd16693'.</statusText>
  <lastSuccessEndTime />
  <receivedTime>2025-08-07T14:49:42.6982513Z</receivedTime>
  <startTime>2025-08-07T14:49:44.0552927Z</startTime>
  <endTime />
  <complete>False</complete>
  <is_temp>False</is_temp>
  <is_readonly>True</is_readonly>
  <buildSummary />
</deployment>