﻿<?xml version="1.0" encoding="utf-8"?>
<deployment>
  <id>778e6351-003d-44d6-892d-fc3c972e4143</id>
  <author>N/A</author>
  <deployer>OneDeploy</deployer>
  <authorEmail>N/A</authorEmail>
  <message>OneDeploy</message>
  <progress></progress>
  <status>Success</status>
  <statusText></statusText>
  <lastSuccessEndTime>2025-08-07T14:07:00.830253Z</lastSuccessEndTime>
  <receivedTime>2025-08-07T14:02:56.5999614Z</receivedTime>
  <startTime>2025-08-07T14:02:58.575292Z</startTime>
  <endTime>2025-08-07T14:07:00.830253Z</endTime>
  <complete>True</complete>
  <is_temp>False</is_temp>
  <is_readonly>True</is_readonly>
  <buildSummary />
</deployment>