﻿<?xml version="1.0" encoding="utf-8"?>
<deployment>
  <id>6292eea6-d03a-473b-b059-ba0baeb64a9c</id>
  <author>N/A</author>
  <deployer>OneDeploy</deployer>
  <authorEmail>N/A</authorEmail>
  <message>OneDeploy</message>
  <progress></progress>
  <status>Success</status>
  <statusText></statusText>
  <lastSuccessEndTime>2025-08-07T13:49:47.2139106Z</lastSuccessEndTime>
  <receivedTime>2025-08-07T13:46:45.6328866Z</receivedTime>
  <startTime>2025-08-07T13:46:47.1105946Z</startTime>
  <endTime>2025-08-07T13:49:47.2139106Z</endTime>
  <complete>True</complete>
  <is_temp>False</is_temp>
  <is_readonly>True</is_readonly>
  <buildSummary />
</deployment>