<step title="Incoming Request" date="2025-08-07T14:48:46.389" instance="52038d" url="/api/publish?async=true&amp;deployer=GITHUB_ONE_DEPLOY&amp;type=zip&amp;message=%7B%22type%22%3A%22deployment%22%2C%22sha%22%3A%22f65d19b995b9adf9c58decf41f21cbb123ce3094%22%2C%22repoName%22%3A%22invisiblekid15%2Fursafespacewebsite%22%2C%22actor%22%3A%22invisiblekid15%22%2C%22slotName%22%3A%22Production%22%2C%22commitMessage%22%3A%22Fix%3A%20Force%20deployment%20trigger%20to%20rebuild%20.next%20directory%22%7D" method="POST" type="request" pid="822,1,3" Host="ursafespace-gucmabaybvcnezde.scm.eastus-01.azurewebsites.net" User-Agent="GITHUBACTIONS_DeployWebAppToAzure_4a378efe5e29ef3f216e5d54d7b06d0300ee6f26035f932bad32de6ced22fd7f" Authorization="Bea..." Content-Type="application/octet-stream" Cookie="ARRAffinity=52038d977ec3dcd2065ef7f8d553e9c533ad3943d69085df8fa73bfbb156598f;Path=/;HttpOnly;Secure;Domain=ursafespace-gucmabaybvcnezde.scm.eastus-01.azurewebsites.net; ARRAffinitySameSite=52038d977ec3dcd2065ef7f8d553e9c533ad3943d69085df8fa73bfbb156598f;Path=/;HttpOnly;SameSite=None;Secure;Domain=ursafespace-gucmabaybvcnezde.scm.eastus-01.azurewebsites.net" Transfer-Encoding="chunked" X-ARR-LOG-ID="0059bc1a-53f3-40f8-a8ce-09661307c23e" CLIENT-IP="172.190.94.226:62464" X-SITE-DEPLOYMENT-ID="ursafespace" WAS-DEFAULT-HOSTNAME="ursafespace-gucmabaybvcnezde.scm.eastus-01.azurewebsites.net" X-Forwarded-Proto="https" X-AppService-Proto="https" X-Forwarded-TlsVersion="1.3" X-WAWS-Unencoded-URL="/api/publish?async=true&amp;deployer=GITHUB_ONE_DEPLOY&amp;type=zip&amp;message=%7B%22type%22%3A%22deployment%22%2C%22sha%22%3A%22f65d19b995b9adf9c58decf41f21cbb123ce3094%22%2C%22repoName%22%3A%22invisiblekid15%2Fursafespacewebsite%22%2C%22actor%22%3A%22invisiblekid15%22%2C%22slotName%22%3A%22Production%22%2C%22commitMessage%22%3A%22Fix%3A%20Force%20deployment%20trigger%20to%20rebuild%20.next%20directory%22%7D" X-Client-IP="172.190.94.226" X-Client-Port="62464" >
  <step title="Cleanup Xml Logs" date="2025-08-07T14:48:46.408" /><!-- duration: 20ms -->
  <step title="OneDeploy" date="2025-08-07T14:48:46.801" >
    <step title="None repository commit" date="2025-08-07T14:48:46.855" >
      <step title="Commit id: a279d4cf-e9d0-4a86-b9c0-ecbebdd16693" date="2025-08-07T14:48:46.864" Message="N/A" AuthorName="N/A" AuthorEmail="N/A" /><!-- duration: 6ms -->
    </step><!-- duration: 20ms -->
    <step title="Starting PushDeployAsync" date="2025-08-07T14:48:46.891" /><!-- duration: 4ms -->
    <step title="Removing node_modules symlink" date="2025-08-07T14:48:46.989" >
      <step title="Removing _del_node_modules symlink" date="2025-08-07T14:48:47.157" >
        <step title="Writing artifact to /tmp/zipdeploy/d1727ba3-01e4-4970-b524-b01da3e2653c.zip" date="2025-08-07T14:48:47.319" >
          <step title="Writing multipart request body to /tmp/zipdeploy/d1727ba3-01e4-4970-b524-b01da3e2653c.zip" date="2025-08-07T14:48:47.356" /><!-- duration: 22ms -->
        </step><!-- duration: 18547ms -->
        <step title="Removing previous build artifact&apos;s manifest file" date="2025-08-07T14:49:05.895" >
          <step title="Start deployment in the background" date="2025-08-07T14:49:05.987" >
            <step title="Acquiring Deployment Lock" date="2025-08-07T14:49:06.141" /><!-- duration: 4ms -->
            <step title="Acquired Deployment Lock" date="2025-08-07T14:49:06.281" /><!-- duration: 4ms -->
          </step><!-- duration: 505ms -->
        </step><!-- duration: 633ms -->
        <step title="Outgoing response" date="2025-08-07T14:49:06.553" type="response" statusCode="202" statusText="Accepted" /><!-- duration: 8ms -->
      </step><!-- duration: 19413ms -->
