<step title="Incoming Request" date="2025-08-07T13:45:44.651" instance="52038d" url="/api/publish?async=true&amp;deployer=GITHUB_ONE_DEPLOY&amp;type=zip&amp;message=%7B%22type%22%3A%22deployment%22%2C%22sha%22%3A%2267609ef97cd0296287b58ae5349eba0acacc7a17%22%2C%22repoName%22%3A%22invisiblekid15%2Fursafespacewebsite%22%2C%22actor%22%3A%22invisiblekid15%22%2C%22slotName%22%3A%22Production%22%2C%22commitMessage%22%3A%22Changes%20for%20latest%22%7D" method="POST" type="request" pid="827,1,24" Host="ursafespace-gucmabaybvcnezde.scm.eastus-01.azurewebsites.net" User-Agent="GITHUBACTIONS_DeployWebAppToAzure_4a378efe5e29ef3f216e5d54d7b06d0300ee6f26035f932bad32de6ced22fd7f" Authorization="Bea..." Content-Type="application/octet-stream" Cookie="ARRAffinity=52038d977ec3dcd2065ef7f8d553e9c533ad3943d69085df8fa73bfbb156598f;Path=/;HttpOnly;Secure;Domain=ursafespace-gucmabaybvcnezde.scm.eastus-01.azurewebsites.net; ARRAffinitySameSite=52038d977ec3dcd2065ef7f8d553e9c533ad3943d69085df8fa73bfbb156598f;Path=/;HttpOnly;SameSite=None;Secure;Domain=ursafespace-gucmabaybvcnezde.scm.eastus-01.azurewebsites.net" Transfer-Encoding="chunked" X-ARR-LOG-ID="891e753e-e0e3-4156-80ea-58a6fbcc3ba8" CLIENT-IP="64.236.169.114:46096" X-SITE-DEPLOYMENT-ID="ursafespace" WAS-DEFAULT-HOSTNAME="ursafespace-gucmabaybvcnezde.scm.eastus-01.azurewebsites.net" X-Forwarded-Proto="https" X-AppService-Proto="https" X-Forwarded-TlsVersion="1.3" X-WAWS-Unencoded-URL="/api/publish?async=true&amp;deployer=GITHUB_ONE_DEPLOY&amp;type=zip&amp;message=%7B%22type%22%3A%22deployment%22%2C%22sha%22%3A%2267609ef97cd0296287b58ae5349eba0acacc7a17%22%2C%22repoName%22%3A%22invisiblekid15%2Fursafespacewebsite%22%2C%22actor%22%3A%22invisiblekid15%22%2C%22slotName%22%3A%22Production%22%2C%22commitMessage%22%3A%22Changes%20for%20latest%22%7D" X-Client-IP="64.236.169.114" X-Client-Port="46096" >
  <step title="Cleanup Xml Logs" date="2025-08-07T13:45:44.656" /><!-- duration: 8ms -->
  <step title="OneDeploy" date="2025-08-07T13:45:44.921" >
    <step title="None repository commit" date="2025-08-07T13:45:44.940" >
      <step title="Commit id: 6292eea6-d03a-473b-b059-ba0baeb64a9c" date="2025-08-07T13:45:44.944" Message="N/A" AuthorName="N/A" AuthorEmail="N/A" /><!-- duration: 11ms -->
    </step><!-- duration: 27ms -->
    <step title="Starting PushDeployAsync" date="2025-08-07T13:45:44.971" /><!-- duration: 5ms -->
    <step title="Writing artifact to /tmp/zipdeploy/85e5e71d-816b-40e9-ba74-c4fe5dcb0ed4.zip" date="2025-08-07T13:45:45.008" >
      <step title="Writing multipart request body to /tmp/zipdeploy/85e5e71d-816b-40e9-ba74-c4fe5dcb0ed4.zip" date="2025-08-07T13:45:45.013" /><!-- duration: 5ms -->
    </step><!-- duration: 9250ms -->
    <step title="Start deployment in the background" date="2025-08-07T13:45:54.308" >
      <step title="Acquiring Deployment Lock" date="2025-08-07T13:45:54.350" /><!-- duration: 11ms -->
      <step title="Acquired Deployment Lock" date="2025-08-07T13:45:54.455" /><!-- duration: 4ms -->
    </step><!-- duration: 301ms -->
  </step><!-- duration: 9699ms -->
  <step title="Outgoing response" date="2025-08-07T13:45:54.639" type="response" statusCode="202" statusText="Accepted" /><!-- duration: 13ms -->
</step><!-- duration: 10004ms -->
