<step title="BackgroundTrace" date="2025-08-07T14:49:06.005" instance="52038d" url="/api/publish" method="POST" >
  <step title="Cleanup Xml Logs" date="2025-08-07T14:49:06.023" /><!-- duration: 29ms -->
  <step title="Creating temporary deployment - FetchDeploymentManager" date="2025-08-07T14:49:06.294" /><!-- duration: 10ms -->
  <step title="Creating temporary deployment" date="2025-08-07T14:49:06.321" /><!-- duration: 158ms -->
  <step title="Performing fetch based deployment" date="2025-08-07T14:49:06.608" >
    <step title="Cleaning up temp folders from previous zip deployments and extracting pushed zip file /tmp/zipdeploy/d1727ba3-01e4-4970-b524-b01da3e2653c.zip (190.17 MB) to /tmp/zipdeploy/extracted" date="2025-08-07T14:49:07.922" >
      <step title="ChmodRecursive Process exited with total time taken in ms: 930" date="2025-08-07T14:49:40.437" /><!-- duration: 11ms -->
    </step><!-- duration: 32540ms -->
    <step title="Deployment timer started" date="2025-08-07T14:49:42.491" >
      <step title="DeploymentManager.Deploy(id:a279d4cf-e9d0-4a86-b9c0-ecbebdd16693)" date="2025-08-07T14:49:42.512" >
        <step title="Collecting changeset information" date="2025-08-07T14:49:42.634" /><!-- duration: 116ms -->
        <step title="Updating submodules" date="2025-08-07T14:49:42.766" /><!-- duration: 1120ms -->
        <step title="Determining deployment builder" date="2025-08-07T14:49:44.131" >
          <step title="Builder is OryxBuilder" date="2025-08-07T14:49:44.165" /><!-- duration: 9ms -->
        </step><!-- duration: 47ms -->
        <step title="PreDeployment: context.CleanOutputPath False" date="2025-08-07T14:49:44.250" >
          <step title="PreDeployment: context.OutputPath /home/site/wwwroot" date="2025-08-07T14:49:44.371" >
            <step title="Building" date="2025-08-07T14:49:44.552" >
              <step title="Executing external process" date="2025-08-07T14:49:45.096" type="process" path="bash" arguments="-c &quot;oryx build /tmp/zipdeploy/extracted -o /home/site/wwwroot --platform nodejs --platform-version 20 -p virtualenv_name= --log-file /tmp/build-debug.log  -i /tmp/8ddd5c1a5b52568 -p compress_node_modules=tar-gz | tee /tmp/oryx-build.log ; exit $PIPESTATUS &quot;" >
                <step title="Cpu: npm ci(1252,45.470s)+build.sh(1060,0.100s)+oryx(1034,9.700s)+tee(1035,0.000s)+bash(1033,0.000s)=total(55.260s)" date="2025-08-07T14:51:34.770" /><!-- duration: 12ms -->
                <step title="bash: no io activity for 61s, prev-cpu=-1.000s, current-cpu=55.260s" date="2025-08-07T14:51:34.844" /><!-- duration: 22ms -->
